ABN10839.1,bat,Merbecovirus
ABN10848.1,bat,Merbecovirus
ABN10857.1,bat,Merbecovirus
ABN10866.1,bat,Merbecovirus
ABN10875.1,bat,Merbecovirus
ABN10884.1,bat,Merbecovirus
ABN10893.1,bat,Merbecovirus
ABN10902.1,bat,Merbecovirus
AGX27799.1,hedgehog,Merbecovirus
AGY29650.2,bat,Merbecovirus
AHY21469.1,human,Merbecovirus
ALA49341.1,camel,Merbecovirus
ALA49352.1,camel,Merbecovirus
ALA49363.1,camel,Merbecovirus
ALA49374.1,camel,Merbecovirus
ALA49385.1,camel,Merbecovirus
ALA49396.1,camel,Merbecovirus
ALA49407.1,camel,Merbecovirus
ALA49418.1,camel,Merbecovirus
ALA49429.1,camel,Merbecovirus
ALA49440.1,camel,Merbecovirus
ALA49451.1,camel,Merbecovirus
ALA49462.1,camel,Merbecovirus
ALA49473.1,camel,Merbecovirus
ALA49484.1,camel,Merbecovirus
ALA49495.1,camel,Merbecovirus
ALA49506.1,camel,Merbecovirus
ALA49517.1,camel,Merbecovirus
ALA49528.1,camel,Merbecovirus
ALA49539.1,camel,Merbecovirus
ALA49550.1,camel,Merbecovirus
ALA49561.1,camel,Merbecovirus
ALA49572.1,camel,Merbecovirus
ALA49583.1,camel,Merbecovirus
ALA49594.1,camel,Merbecovirus
ALA49605.1,camel,Merbecovirus
ALA49616.1,camel,Merbecovirus
ALA49627.1,camel,Merbecovirus
ALA49638.1,camel,Merbecovirus
ALA49649.1,camel,Merbecovirus
ALA49660.1,camel,Merbecovirus
ALA49671.1,camel,Merbecovirus
ALA49682.1,camel,Merbecovirus
ALA49693.1,camel,Merbecovirus
ALA49704.1,camel,Merbecovirus
ALA49715.1,camel,Merbecovirus
ALA49726.1,camel,Merbecovirus
ALA49737.1,camel,Merbecovirus
ALA49748.1,camel,Merbecovirus
ALA49759.1,camel,Merbecovirus
ALA49770.1,camel,Merbecovirus
ALA49781.1,camel,Merbecovirus
ALA49792.1,camel,Merbecovirus
ALA49803.1,camel,Merbecovirus
ALA49814.1,camel,Merbecovirus
ALA49825.1,camel,Merbecovirus
ALA49836.1,camel,Merbecovirus
ALA49847.1,camel,Merbecovirus
ALA49858.1,camel,Merbecovirus
ALA49869.1,camel,Merbecovirus
ALA49880.1,camel,Merbecovirus
ALA49891.1,camel,Merbecovirus
ALA49902.1,camel,Merbecovirus
ALA49913.1,camel,Merbecovirus
ALA49924.1,camel,Merbecovirus
ALA49935.1,camel,Merbecovirus
ALA49946.1,camel,Merbecovirus
ALA49957.1,camel,Merbecovirus
ALA49968.1,camel,Merbecovirus
ALA49979.1,camel,Merbecovirus
ALA49990.1,camel,Merbecovirus
ALA50001.1,camel,Merbecovirus
ALA50012.1,camel,Merbecovirus
ALA50023.1,camel,Merbecovirus
ALA50034.1,camel,Merbecovirus
ALA50045.1,camel,Merbecovirus
ALA50056.1,camel,Merbecovirus
ALA50067.1,camel,Merbecovirus
ALR69641.1,camel,Merbecovirus
ALT66870.1,camel,Merbecovirus
ALT66880.1,camel,Merbecovirus
ANI69824.1,camel,Merbecovirus
ANI69835.1,camel,Merbecovirus
ANI69846.1,camel,Merbecovirus
ANI69857.1,camel,Merbecovirus
ANI69868.1,camel,Merbecovirus
ANI69878.1,camel,Merbecovirus
ANI69889.1,camel,Merbecovirus
ANI69900.1,camel,Merbecovirus
ANI69911.1,camel,Merbecovirus
ANI69922.1,camel,Merbecovirus
AQZ41296.1,camel,Merbecovirus
ASU45818.1,camel,Merbecovirus
ASU45829.1,camel,Merbecovirus
ASU45840.1,camel,Merbecovirus
ASU45851.1,camel,Merbecovirus
ASU45862.1,camel,Merbecovirus
ASU45873.1,camel,Merbecovirus
ASU89921.1,camel,Merbecovirus
ASU89933.1,camel,Merbecovirus
ASU89944.1,camel,Merbecovirus
ASU89955.1,camel,Merbecovirus
ASU89966.1,camel,Merbecovirus
ASU89977.1,camel,Merbecovirus
ASU89988.1,camel,Merbecovirus
ASU89999.1,camel,Merbecovirus
ASU90010.1,camel,Merbecovirus
ASU90021.1,camel,Merbecovirus
ASU90032.1,camel,Merbecovirus
ASU90043.1,camel,Merbecovirus
ASU90054.1,camel,Merbecovirus
ASU90065.1,camel,Merbecovirus
ASU90076.1,camel,Merbecovirus
ASU90087.1,camel,Merbecovirus
ASU90098.1,camel,Merbecovirus
ASU90109.1,camel,Merbecovirus
ASU90120.1,camel,Merbecovirus
ASU90131.1,camel,Merbecovirus
ASU90142.1,camel,Merbecovirus
ASU90153.1,camel,Merbecovirus
ASU90164.1,camel,Merbecovirus
ASU90175.1,camel,Merbecovirus
ASU90186.1,camel,Merbecovirus
ASU90197.1,camel,Merbecovirus
ASU90208.1,camel,Merbecovirus
ASU90219.1,camel,Merbecovirus
ASU90230.1,camel,Merbecovirus
ASU90241.1,camel,Merbecovirus
ASU90252.1,camel,Merbecovirus
ASU90263.1,camel,Merbecovirus
ASU90274.1,camel,Merbecovirus
ASU90285.1,camel,Merbecovirus
ASU90307.1,camel,Merbecovirus
ASU90318.1,camel,Merbecovirus
ASU90329.1,camel,Merbecovirus
ASU90340.1,camel,Merbecovirus
ASU90351.1,camel,Merbecovirus
ASU90362.1,camel,Merbecovirus
ASU90373.1,camel,Merbecovirus
ASU90384.1,camel,Merbecovirus
ASU90395.1,camel,Merbecovirus
ASU90406.1,camel,Merbecovirus
ASU90417.1,camel,Merbecovirus
ASU90428.1,camel,Merbecovirus
ASU90439.1,camel,Merbecovirus
ASU90461.1,camel,Merbecovirus
ASU90472.1,camel,Merbecovirus
ASU90483.1,camel,Merbecovirus
ASU90494.1,camel,Merbecovirus
ASU90505.1,camel,Merbecovirus
ASU90516.1,camel,Merbecovirus
ASU90527.1,camel,Merbecovirus
ASU90538.1,camel,Merbecovirus
ASU90549.1,camel,Merbecovirus
ASU90560.1,camel,Merbecovirus
ASU90571.1,camel,Merbecovirus
ASU90582.1,camel,Merbecovirus
ASU90593.1,camel,Merbecovirus
ASU90604.1,camel,Merbecovirus
ASU90615.1,camel,Merbecovirus
ASU90626.1,camel,Merbecovirus
ASU90637.1,camel,Merbecovirus
ASU90648.1,camel,Merbecovirus
ASU90659.1,camel,Merbecovirus
ASU90670.1,camel,Merbecovirus
ASU90681.1,camel,Merbecovirus
ASU90692.1,camel,Merbecovirus
ASU90703.1,camel,Merbecovirus
ASU90714.1,camel,Merbecovirus
ASU90725.1,camel,Merbecovirus
ASU90736.1,camel,Merbecovirus
ASU90747.1,camel,Merbecovirus
ASU90758.1,camel,Merbecovirus
ASU90769.1,camel,Merbecovirus
ASU90780.1,camel,Merbecovirus
ASU90791.1,camel,Merbecovirus
ASU90802.1,camel,Merbecovirus
ASU90813.1,camel,Merbecovirus
ASU90824.1,camel,Merbecovirus
ASU90835.1,camel,Merbecovirus
ASU90846.1,camel,Merbecovirus
ASU90857.1,camel,Merbecovirus
ASU90868.1,camel,Merbecovirus
ASU90879.1,camel,Merbecovirus
ASU90890.1,camel,Merbecovirus
ASU90901.1,camel,Merbecovirus
ASU90912.1,camel,Merbecovirus
ASU90923.1,camel,Merbecovirus
ASU90934.1,camel,Merbecovirus
ASU90945.1,camel,Merbecovirus
ASU90956.1,camel,Merbecovirus
ASU90966.1,camel,Merbecovirus
ASU90978.1,camel,Merbecovirus
ASU90988.1,camel,Merbecovirus
ASU90999.1,camel,Merbecovirus
ASU91010.1,camel,Merbecovirus
ASU91021.1,camel,Merbecovirus
ASU91032.1,camel,Merbecovirus
ASU91043.1,camel,Merbecovirus
ASU91054.1,camel,Merbecovirus
ASU91065.1,camel,Merbecovirus
ASU91076.1,camel,Merbecovirus
ASU91087.1,camel,Merbecovirus
ASU91098.1,camel,Merbecovirus
ASU91109.1,camel,Merbecovirus
ASU91120.1,camel,Merbecovirus
ASU91131.1,camel,Merbecovirus
ASU91142.1,camel,Merbecovirus
ASU91153.1,camel,Merbecovirus
ASU91164.1,camel,Merbecovirus
ASU91175.1,camel,Merbecovirus
ASU91186.1,camel,Merbecovirus
ASU91197.1,camel,Merbecovirus
ASU91208.1,camel,Merbecovirus
ASU91219.1,camel,Merbecovirus
ASU91230.1,camel,Merbecovirus
ASU91241.1,camel,Merbecovirus
ASU91252.1,camel,Merbecovirus
ASU91262.1,camel,Merbecovirus
ASU91273.1,camel,Merbecovirus
ASU91295.1,camel,Merbecovirus
ASU91305.1,camel,Merbecovirus
ASU91315.1,camel,Merbecovirus
ASU91325.1,camel,Merbecovirus
AUM60014.1,bat,Merbecovirus
AUM60024.1,bat,Merbecovirus
AVN89291.1,camel,Merbecovirus
AVN89302.1,camel,Merbecovirus
AVN89313.1,camel,Merbecovirus
AVN89324.1,camel,Merbecovirus
AVN89334.1,camel,Merbecovirus
AVN89344.1,camel,Merbecovirus
AVN89354.1,camel,Merbecovirus
AVN89365.1,camel,Merbecovirus
AVN89376.1,camel,Merbecovirus
AVN89387.1,camel,Merbecovirus
AVN89398.1,camel,Merbecovirus
AVN89409.1,camel,Merbecovirus
AVN89420.1,camel,Merbecovirus
AVN89431.1,camel,Merbecovirus
AVN89442.1,camel,Merbecovirus
AVN89453.1,camel,Merbecovirus
AVV62526.1,unknown,Merbecovirus
AVV62537.1,unknown,Merbecovirus
AWH65877.1,bat,Merbecovirus
AWH65888.1,bat,Merbecovirus
AWH65899.1,bat,Merbecovirus
AWH65910.1,bat,Merbecovirus
AWH65921.1,bat,Merbecovirus
AWH65932.1,bat,Merbecovirus
AWH65943.1,unknown,Merbecovirus
AWH65954.1,unknown,Merbecovirus
AXG21643.1,unknown,Merbecovirus
QCC20713.1,hedgehog,Merbecovirus
QDI73610.1,camel,Merbecovirus
QFQ59587.1,camel,Merbecovirus
QGA70692.1,hedgehog,Merbecovirus
QGV13484.1,camel,Merbecovirus
QHA24678.1,bat,Merbecovirus
QHA24687.1,bat,Merbecovirus
QHB14951.1,camel,Merbecovirus
QHB14962.1,camel,Merbecovirus
QHB14973.1,camel,Merbecovirus
QHB14984.1,camel,Merbecovirus
QHB14995.1,camel,Merbecovirus
QHB15006.1,camel,Merbecovirus
QHB15017.1,camel,Merbecovirus
QHB15028.1,camel,Merbecovirus
QHB15039.1,camel,Merbecovirus
QKF93418.1,unknown,Merbecovirus
QKX95939.1,unknown,Merbecovirus
QOU08497.1,camel,Merbecovirus
QOU08508.1,camel,Merbecovirus
QOU08519.1,camel,Merbecovirus
QOU08530.1,camel,Merbecovirus
QOU08541.1,camel,Merbecovirus
QOU08552.1,camel,Merbecovirus
QOU08563.1,camel,Merbecovirus
QOU08574.1,camel,Merbecovirus
QOU08585.1,camel,Merbecovirus
QOU08594.1,camel,Merbecovirus
QOU08603.1,camel,Merbecovirus
QOU08614.1,camel,Merbecovirus
QOU08625.1,camel,Merbecovirus
QSI72189.1,camel,Merbecovirus
QSI72200.1,camel,Merbecovirus
YP_001039953.1,bat,Merbecovirus
YP_001039962.1,bat,Merbecovirus
YP_009513010.1,hedgehog,Merbecovirus
